customer_id,trans_date,tran_amount
CS4441,24/1/2015,984
CS5472,18/5/2014,206
CS7781,1/12/2013,466
CS7717,18/12/2015,782
CS8746,30/12/2012,372
CS4290,23/8/2013,682
CS9407,12/6/2014,949
CS2055,13/11/2013,734
CS9123,6/11/2015,584
CS4210,5/11/2014,591
CS4738,7/5/2015,113
CS3279,19/10/2013,903
CS5440,10/3/2013,925
CS9396,20/5/2014,252
CS1578,29/3/2015,740
CS6804,10/5/2014,434
CS7809,24/9/2014,824
CS7668,10/10/2013,688
CS8218,12/9/2013,693
CS7105,28/7/2013,127
CS5076,21/4/2015,825
CS3745,4/8/2015,640
CS7146,23/8/2015,716
CS1308,10/8/2015,500
CS1537,11/3/2013,110
CS8722,13/9/2013,294
CS2945,13/4/2013,107
CS1928,4/8/2015,914
CS5937,24/11/2015,760
CS2555,10/10/2013,63
CS1922,7/4/2015,562
CS9260,6/9/2014,395
CS4224,22/3/2014,884
CS2043,5/2/2013,320
CS3901,17/12/2013,304
CS9563,10/11/2014,181
CS2580,29/5/2014,299
CS2563,9/4/2014,168
CS5422,26/6/2014,212
CS5335,21/12/2014,842
CS6697,2/4/2013,54
CS8725,27/1/2015,761
CS1870,26/7/2013,450
CS8803,16/4/2015,907
CS3681,18/11/2013,977
CS1159,28/4/2015,836
CS9526,2/3/2015,926
CS9119,21/8/2015,599
CS8354,16/7/2013,419
CS1540,16/4/2013,262
CS4037,6/7/2013,287
CS4113,19/9/2013,183
CS8033,2/12/2014,830
CS4792,3/4/2015,659
CS6174,19/10/2015,181
CS7325,25/5/2015,574
CS3763,1/6/2015,803
CS1937,11/5/2014,769
CS4391,23/3/2013,205
CS2487,21/6/2014,39
CS2651,30/12/2012,944
CS5827,29/1/2013,268
CS9417,9/12/2014,152
CS7115,25/12/2014,318
CS4785,25/2/2013,844
CS2755,5/3/2013,525
CS1421,4/9/2015,78
CS1634,27/5/2014,352
CS1101,18/5/2015,250
CS9091,8/10/2014,646
CS2352,1/7/2013,420
CS2151,1/11/2015,49
CS5303,7/11/2014,736
CS8415,21/2/2015,22
CS1551,19/4/2015,672
CS9213,11/11/2015,901
CS3065,6/11/2015,475
CS7186,18/5/2015,598
CS5896,22/1/2013,164
CS5814,2/11/2013,876
CS5672,14/3/2015,276
CS8375,11/7/2014,890
CS1999,27/8/2015,936
CS9803,17/12/2013,749
CS7600,3/12/2014,345
CS2006,15/8/2013,668
CS8554,13/6/2014,369
CS8849,21/9/2013,509
CS2388,14/9/2014,962
CS5739,30/6/2014,428
CS4728,9/12/2015,627
CS8077,3/4/2014,980
CS1442,21/11/2015,922
CS1208,30/4/2013,903
CS8988,6/6/2014,588
CS7992,7/7/2014,153
CS2324,25/7/2013,938
CS7750,18/1/2014,396
CS3516,30/12/2015,325
CS3266,12/9/2013,931
CS3303,10/9/2015,742
CS7510,18/8/2015,34
CS3995,29/7/2015,382
CS1594,16/10/2013,507
CS2843,27/10/2013,11
CS3307,5/1/2014,968
CS2596,1/12/2013,454
CS5548,5/7/2013,832
CS2361,4/10/2013,574
CS5286,17/6/2014,188
CS7760,30/10/2013,587
CS9756,29/10/2013,52
CS4426,8/3/2014,546
CS2320,29/10/2014,906
CS8846,22/7/2015,427
CS8533,1/7/2013,718
CS3473,4/5/2013,782
CS7520,10/2/2014,382
CS1492,18/10/2015,998
CS2155,14/11/2015,57
CS4103,26/10/2015,399
CS9247,8/8/2014,991
CS4859,24/10/2013,722
CS7255,21/4/2015,909
CS5407,5/5/2013,417
CS8615,13/12/2014,239
CS6344,2/1/2014,779
CS5203,16/5/2013,867
CS7597,2/11/2013,112
CS4732,30/9/2013,35
CS7433,13/11/2013,391
CS4786,6/8/2013,618
CS1092,15/9/2014,143
CS2895,9/5/2013,755
CS3375,12/5/2013,521
CS6867,2/3/2014,311
CS8238,21/4/2013,601
CS7099,4/2/2014,67
CS2311,18/12/2014,588
CS5257,13/3/2015,49
CS1645,10/9/2015,264
CS5195,6/10/2015,876
CS4417,17/8/2014,848
CS6013,14/1/2015,738
CS6432,16/3/2013,498
CS2373,28/4/2013,227
CS7497,11/5/2014,496
CS1829,16/10/2015,545
CS6013,19/12/2014,279
CS5949,18/10/2013,65
CS6817,18/3/2014,678
CS2582,5/8/2015,685
CS2226,3/8/2013,352
CS1087,8/2/2015,540
CS8457,16/10/2014,394
CS6593,4/12/2014,468
CS9671,28/8/2013,262
CS8665,17/4/2014,878
CS2532,24/8/2013,402
CS9749,1/5/2014,981
CS5720,29/1/2014,403
CS2628,8/8/2013,140
CS6065,28/6/2013,984
CS6896,21/12/2015,712
CS1908,9/8/2014,266
CS2562,9/11/2013,865
CS8456,22/1/2013,501
CS2562,18/3/2013,741
CS4120,13/3/2013,390
CS1254,11/12/2014,904
CS3816,5/7/2013,141
CS1820,4/11/2013,685
CS9946,3/9/2014,342
CS1132,21/11/2014,800
CS5768,16/9/2015,866
CS5275,18/2/2014,145
CS6807,1/8/2014,199
CS9834,26/9/2014,170
CS6211,29/5/2013,483
CS7251,17/8/2013,531
CS8140,6/1/2015,303
CS9257,28/9/2014,873
CS1613,21/9/2013,587
CS5920,14/1/2013,517
CS2392,26/9/2013,31
CS5865,4/1/2015,323
CS7211,3/11/2015,820
CS8377,3/3/2013,149
CS5216,22/10/2013,671
CS5676,24/4/2013,793
CS5118,2/6/2015,939
CS9316,5/2/2014,160
CS7076,15/1/2014,937
CS8415,3/10/2014,577
CS1542,12/2/2014,637
CS5857,12/4/2014,593
CS2381,6/10/2015,619
CS3878,20/5/2014,826
CS5136,2/4/2014,938
CS2924,7/6/2015,67
CS2734,25/6/2014,48
CS4304,21/10/2015,188
CS6359,6/2/2013,89
CS5531,11/1/2014,50
CS6127,16/6/2014,645
CS1598,6/5/2013,263
CS5100,24/1/2013,592
CS9992,7/4/2015,942
CS4741,15/6/2013,140
CS2382,13/6/2013,800
CS1152,25/9/2015,286
CS4685,4/1/2015,751
CS2050,7/1/2014,423
CS9856,27/10/2013,263
CS2490,30/9/2015,216
CS7609,25/10/2015,444
CS8295,23/5/2014,16
CS5828,26/1/2015,790
CS3779,2/11/2014,710
CS4818,20/9/2015,68
CS7059,13/12/2013,521
CS6240,23/6/2013,373
CS1311,8/3/2014,796
CS2174,17/9/2013,899
CS2962,30/4/2013,923
CS5257,26/9/2013,690
CS5255,27/3/2014,609
CS9144,30/8/2015,170
CS7888,17/7/2014,859
CS5963,24/1/2014,947
CS8773,11/7/2013,422
CS6515,4/11/2013,547
CS9069,14/2/2013,107
CS7403,14/6/2013,692
CS2628,30/3/2014,968
CS2180,22/1/2015,176
CS7659,26/7/2013,18
CS8953,23/6/2014,143
CS3982,19/1/2014,787
CS6771,29/1/2014,235
CS2846,26/4/2013,749
CS4811,21/7/2014,149
CS4057,4/1/2013,799
CS1960,29/10/2015,839
CS6974,11/7/2013,542
CS5354,7/8/2015,633
CS6648,22/10/2013,109
CS2600,31/1/2015,993
CS5391,24/5/2013,638
CS2099,23/7/2013,538
CS1937,15/5/2013,876
CS9974,4/4/2015,176
CS1239,19/8/2015,311
CS7629,30/6/2015,402
CS4318,9/8/2014,25
CS6835,24/5/2015,642
CS4480,27/9/2014,199
CS3380,15/8/2014,43
CS3240,5/9/2015,13
CS4704,25/1/2013,833
CS6426,10/6/2015,277
CS2243,24/2/2014,722
CS6168,8/9/2013,836
CS2727,16/12/2015,576
CS7448,21/4/2013,36
CS7485,16/1/2013,548
CS2669,22/10/2013,958
CS6427,7/11/2013,455
CS1008,20/4/2015,526
CS6416,24/2/2015,68
CS4517,14/10/2014,212
CS9611,12/11/2013,331
CS8384,1/8/2013,110
CS8165,10/2/2014,728
CS1529,6/6/2014,239
CS3885,30/5/2014,600
CS8468,13/9/2015,246
CS7304,1/8/2013,50
CS8637,24/11/2014,760
CS3117,6/3/2015,165
CS7160,27/4/2014,134
CS7250,16/2/2014,654
CS7422,21/4/2014,130
CS2559,29/9/2015,324
CS4238,22/5/2013,275
CS5661,2/2/2013,474
CS9184,4/12/2014,856
CS8498,20/12/2013,661
CS9122,25/12/2013,686
CS9430,13/12/2014,389
CS5122,22/12/2013,988
CS2137,16/5/2015,61
CS4355,11/5/2015,733
CS8230,23/1/2015,44
CS8080,24/9/2015,302
CS6111,24/8/2013,183
CS6163,15/7/2014,175
CS7791,31/10/2015,867
CS6601,25/5/2013,714
CS1167,18/6/2014,115
CS8183,8/12/2013,209
CS2438,6/8/2013,139
CS1055,21/12/2015,519
CS8707,6/9/2014,387
CS2506,18/4/2013,794
CS3559,25/12/2013,862
CS2162,30/6/2013,444
CS8753,9/10/2014,202
CS2435,6/10/2013,49
CS5588,4/8/2015,959
CS3454,24/4/2014,210
CS4749,9/2/2014,200
CS9539,25/7/2013,627
CS4799,22/2/2015,641
CS5271,13/3/2014,817
CS4054,14/2/2013,88
CS2450,21/4/2014,321
CS1767,8/10/2015,384
CS2308,18/6/2013,857
CS3543,2/2/2015,276
CS3084,26/10/2015,370
CS3816,9/1/2013,289
CS3937,25/7/2013,816
CS2269,30/3/2014,684
CS9730,7/10/2015,623
CS4595,18/8/2013,379
CS8307,15/8/2015,328
CS7371,5/11/2015,966
CS9863,22/4/2014,33
CS8973,30/11/2013,105
CS1601,25/12/2015,664
CS7148,24/4/2015,193
CS2262,11/5/2015,150
CS8602,30/9/2013,725
CS9859,28/10/2013,604
CS1420,11/1/2015,127
CS6047,23/2/2014,403
CS4069,11/11/2013,243
CS2139,6/5/2014,230
CS2763,6/2/2013,934
CS4686,18/2/2013,359
CS1923,24/8/2013,485
CS2596,16/5/2014,273
CS9207,5/9/2015,648
CS8116,26/2/2014,416
CS4357,11/11/2014,237
CS5667,17/2/2015,624
CS4912,17/8/2013,169
CS7595,9/11/2015,332
CS8791,7/2/2014,327
CS8380,7/4/2015,885
CS1722,12/12/2014,621
CS2133,8/12/2014,593
CS2801,27/3/2013,127
CS8583,1/5/2014,550
CS6845,8/9/2015,128
CS7368,15/8/2015,258
CS7277,21/6/2013,113
CS4513,8/4/2013,801
CS4165,24/4/2014,287
CS1937,17/9/2014,64
CS8224,28/8/2014,931
CS5497,26/9/2015,185
CS1485,16/4/2015,100
CS2608,12/11/2015,264
CS5703,31/8/2015,803
CS2082,8/3/2014,607
CS1302,5/12/2013,73
CS5468,24/2/2014,260
CS7128,26/3/2013,61
CS2559,7/7/2015,695
CS3388,26/8/2015,461
CS7765,13/1/2015,271
CS1698,2/12/2014,632
CS4806,8/11/2015,293
CS8388,21/10/2015,82
CS2950,14/8/2014,255
CS8134,3/2/2014,141
CS4593,16/11/2013,878
CS9132,3/4/2014,236
CS5412,15/2/2014,130
CS6363,24/7/2015,539
CS9682,12/11/2015,83
CS3856,14/8/2015,978
CS7438,25/5/2014,650
CS6793,26/4/2015,964
CS6948,15/2/2015,832
CS6647,23/12/2015,554
CS6021,11/7/2013,25
CS2720,12/10/2013,95
CS9577,3/10/2015,903
CS5243,19/10/2015,168
CS8919,19/5/2014,19
CS1623,26/10/2014,144
CS6209,24/4/2014,62
CS5601,16/3/2014,767
CS4293,24/8/2013,269
CS2795,20/5/2015,294
CS5909,10/4/2015,38
CS9839,16/12/2015,335
CS8236,12/10/2015,409
CS6163,29/9/2015,203
CS8874,8/12/2015,869
CS4120,15/8/2013,351
CS6165,1/3/2015,51
CS8395,28/6/2014,57
CS9162,24/1/2015,155
CS3868,29/1/2013,594
CS7326,14/12/2013,401
CS1570,7/9/2014,469
CS9511,28/12/2014,724
CS1582,21/12/2015,222
CS2302,6/10/2014,256
CS3672,9/11/2015,764
CS1398,7/8/2013,837
CS7844,28/11/2013,516
CS6088,6/7/2013,906
CS9661,6/1/2013,558
CS5976,11/7/2014,150
CS7338,10/7/2014,333
CS5429,20/11/2013,916
CS9663,24/1/2015,573
CS6491,19/8/2013,256
CS8733,27/7/2013,710
CS7627,8/10/2015,99
CS7472,13/9/2014,284
CS4271,1/8/2014,969
CS2229,22/8/2013,231
CS4994,22/4/2015,466
CS6763,20/2/2014,197
CS7738,19/12/2015,379
CS8589,4/4/2014,578
CS9102,30/5/2015,95
CS1343,7/1/2015,551
CS3950,22/9/2015,612
CS4289,4/5/2015,67
CS7541,7/10/2013,495
CS9022,24/3/2014,589
CS4193,5/12/2013,244
CS8089,18/9/2013,630
CS8070,8/5/2015,527
CS7065,9/9/2015,895
CS6778,22/5/2015,361
CS5367,23/5/2015,419
CS4443,7/12/2013,387
CS5030,5/12/2014,456
CS8821,12/10/2013,435
CS5761,25/4/2013,601
CS8473,13/2/2014,143
CS6749,7/3/2013,450
CS8227,26/10/2014,156
CS9652,18/7/2015,471
CS2867,17/11/2013,557
CS9224,27/3/2014,274
CS8702,20/4/2013,879
CS1923,11/9/2013,407
CS1088,7/8/2013,312
CS5698,15/2/2015,292
CS1297,31/12/2012,859
CS2937,27/6/2013,913
CS8139,9/8/2013,157
CS2587,7/9/2013,236
CS8644,30/7/2015,601
CS7589,20/2/2014,706
CS5250,8/4/2014,124
CS1999,30/3/2014,60
CS2780,3/4/2013,351
CS7342,23/2/2014,19
CS4645,4/7/2015,410
CS3679,21/3/2014,498
CS4133,15/10/2015,360
CS9495,16/7/2015,675
CS9123,22/10/2015,709
CS7479,4/6/2014,214
CS8025,3/10/2013,766
CS4117,17/5/2013,822
CS3961,17/10/2015,322
CS9605,1/8/2015,872
CS2189,30/8/2014,120
CS2833,21/9/2013,826
CS4118,1/5/2013,584
CS2759,10/9/2014,60
CS8751,19/5/2013,936
CS7837,24/3/2014,429
CS7649,19/12/2013,586
CS1422,16/8/2015,657
CS2197,18/7/2015,179
CS2275,3/12/2013,939
CS9972,13/2/2013,605
CS8630,25/3/2015,121
CS7879,13/1/2015,957
CS9721,21/1/2015,542
CS3636,20/2/2015,292
CS8959,22/12/2015,96
CS5305,12/9/2014,111
CS9761,2/7/2014,817
CS7007,27/7/2014,947
CS1934,6/7/2014,54
CS1968,24/3/2015,93
CS8665,17/1/2015,589
CS9301,18/8/2014,718
CS1825,21/7/2014,338
CS2532,13/7/2013,167
CS6232,25/2/2014,263
CS3940,8/10/2015,775
CS5694,15/2/2015,287
CS6973,24/12/2015,793
CS4193,14/5/2014,357
CS1857,30/9/2015,749
CS8077,24/9/2014,525
CS1094,13/1/2014,397
CS2797,2/12/2013,938
CS4109,21/3/2014,32
CS9968,22/12/2013,21
CS4057,24/2/2013,854
CS7794,7/9/2014,602
CS9363,18/1/2015,114
CS4343,17/9/2015,886
CS1334,17/4/2014,272
CS5698,31/12/2014,585
CS2243,6/6/2015,693
CS9996,5/4/2013,497
CS2432,20/9/2014,656
CS7447,29/11/2015,262
CS2222,22/12/2014,553
CS9359,17/5/2013,308
CS3579,21/6/2014,913
CS2562,13/4/2015,511
CS2692,13/1/2013,421
CS8171,19/5/2013,274
CS7371,20/7/2013,795
CS6315,9/6/2015,914
CS7135,9/6/2013,621
CS8677,28/5/2014,321
CS5143,25/3/2013,680
CS8719,30/8/2013,909
CS2047,5/10/2015,914
CS7262,22/5/2013,559
CS1063,16/2/2015,701
CS9165,25/11/2013,624
CS1662,21/12/2013,43
CS9533,23/2/2015,421
CS2830,4/11/2014,132
CS4951,26/7/2014,211
CS2362,16/8/2014,620
CS9413,3/6/2013,576
CS8000,20/2/2015,622
CS3999,2/6/2015,17
CS9978,28/11/2015,859
CS2495,2/8/2013,496
CS5789,19/2/2014,992
CS5318,10/5/2013,739
CS4267,2/2/2013,184
CS4890,25/3/2013,36
CS7000,17/9/2013,517
CS4676,27/9/2014,360
CS2983,13/4/2014,193
CS3692,7/1/2015,75
CS8781,6/1/2015,30
CS2991,7/10/2015,566
CS7689,14/12/2014,782
CS2943,10/8/2014,287
CS5389,28/6/2015,255
CS3811,22/7/2014,392
CS2233,15/10/2014,403
CS5787,26/11/2013,508
CS4503,17/9/2014,843
CS8680,28/7/2014,472
CS7067,29/4/2014,336
CS1743,4/2/2015,449
CS4806,16/4/2014,984
CS2773,31/1/2015,766
CS2871,28/9/2013,417
CS3369,31/12/2015,903
CS8455,8/2/2014,66
CS8320,16/9/2013,26
CS7035,13/3/2014,163
CS5927,29/10/2013,34
CS4227,22/7/2014,618
CS9188,12/11/2015,815
CS4946,21/1/2015,663
CS2850,24/4/2015,522
CS4157,28/12/2013,919
CS9748,11/7/2014,896
CS8755,16/4/2014,699
CS4038,29/4/2014,633
CS3954,22/5/2014,22
CS2010,1/8/2014,167
CS5167,24/8/2014,724
CS1931,5/2/2013,354
CS3986,2/5/2013,27
CS8393,18/1/2014,437
CS9373,26/6/2015,905
CS3808,14/11/2013,182
CS3920,1/4/2015,442
CS8732,24/8/2015,770
CS8395,14/12/2014,642
CS4902,9/2/2015,414
CS2226,18/9/2013,919
CS7140,22/2/2013,864
CS9163,8/11/2013,240
CS6125,29/7/2014,58
CS2561,12/4/2013,60
CS7512,10/4/2015,200
CS5789,26/7/2015,926
CS7935,2/4/2013,687
CS6044,24/10/2014,485
CS3156,5/6/2015,30
CS4160,8/12/2015,725
CS3656,6/12/2013,467
CS4416,18/4/2013,845
CS3153,15/10/2015,866
CS8576,17/2/2014,685
CS9225,7/3/2015,909
CS8164,3/7/2015,152
CS8621,29/5/2015,932
CS5219,18/1/2015,710
CS4627,13/4/2014,222
CS9158,19/4/2015,575
CS9085,22/7/2013,645
CS1146,11/12/2014,907
CS4068,12/7/2013,272
CS5849,25/1/2015,978
CS2405,5/4/2015,700
CS5371,26/6/2014,754
CS3188,22/3/2013,509
CS6902,20/1/2015,555
CS5620,23/2/2013,618
CS6586,1/9/2014,883
CS7143,20/2/2013,977
CS7394,14/11/2015,175
CS1893,18/1/2013,990
CS9795,13/8/2015,322
CS1416,26/10/2013,259
CS3317,4/11/2015,483
CS9801,1/4/2015,188
CS7774,2/6/2014,39
CS2700,23/12/2015,805
CS1941,28/11/2013,749
CS1965,15/3/2013,854
CS9924,6/11/2014,226
CS9224,18/6/2015,55
CS9524,7/12/2013,850
CS4502,3/8/2013,530
CS8376,26/11/2013,829
CS7634,29/11/2015,444
CS2825,1/2/2015,374
CS4957,5/1/2014,463
CS9888,19/4/2014,616
CS8346,7/7/2014,754
CS1749,18/8/2013,126
CS7234,19/4/2014,786
CS2711,16/10/2014,242
CS6837,5/4/2015,428
CS7289,29/7/2015,636
CS9755,20/3/2014,49
CS8574,17/1/2015,295
CS7182,3/2/2014,916
CS9937,14/11/2013,983
CS2516,4/7/2015,417
CS9733,22/4/2014,417
CS2836,18/1/2014,203
CS7390,26/2/2015,196
CS7617,27/10/2013,930
CS7314,18/12/2014,839
CS1048,4/2/2013,354
CS7630,23/7/2014,282
CS6144,22/11/2013,390
CS3076,9/3/2015,121
CS8936,24/11/2013,404
CS2537,25/8/2013,51
CS7141,9/9/2013,737
CS2238,13/7/2014,807
CS7799,23/7/2013,561
CS9182,5/4/2015,160
CS3201,24/7/2013,514
CS1853,25/12/2014,922
CS7915,7/10/2013,657
CS8268,15/2/2014,919
CS6421,10/12/2014,634
CS3170,30/4/2014,978
CS5458,17/5/2014,184
CS4323,31/12/2014,890
CS6840,30/5/2013,506
CS9566,6/9/2014,636
CS3933,26/3/2013,486
CS8601,28/2/2015,57
CS7204,21/12/2013,306
CS5990,26/11/2015,86
CS2370,27/4/2013,46
CS6252,1/4/2013,318
CS8280,28/3/2013,427
CS3431,16/5/2015,673
CS8944,5/1/2015,644
CS7714,11/3/2015,371
CS5263,13/4/2015,45
CS3869,5/2/2015,713
CS8839,27/3/2013,151
CS9643,28/6/2013,760
CS2882,29/12/2015,806
CS4954,18/10/2014,817
CS1283,27/4/2013,126
CS4537,13/6/2013,802
CS5822,2/12/2015,38
CS1617,18/12/2014,875
CS1907,12/7/2013,161
CS6812,6/11/2014,483
CS4264,8/3/2013,761
CS5678,23/2/2013,330
CS1752,31/10/2013,622
CS4983,11/4/2015,160
CS4578,16/2/2014,12
CS9565,30/6/2013,705
CS8188,25/8/2014,411
CS3195,8/10/2015,518
CS5130,13/1/2015,100
CS7581,24/5/2014,422
CS3663,14/10/2013,890
CS4645,12/1/2015,646
CS6367,10/10/2014,445
CS2085,6/5/2015,592
CS2336,12/8/2014,721
CS6905,10/5/2014,962
CS1977,3/3/2014,839
CS9916,18/2/2013,273
CS7530,18/5/2015,613
CS1585,5/4/2014,89
CS2717,29/6/2013,818
CS4156,17/12/2014,138
CS1188,15/12/2014,18
CS4412,5/3/2015,183
CS8593,3/5/2014,186
CS7992,4/8/2015,328
CS2864,11/6/2014,685
CS9335,14/2/2014,967
CS6219,8/3/2013,926
CS7473,19/4/2013,923
CS7022,24/5/2014,61
CS5870,21/6/2013,743
CS3161,16/7/2014,320
CS3150,1/4/2015,476
CS7831,25/9/2013,830
CS9355,16/10/2013,743
CS8535,23/3/2014,160
CS7783,4/2/2014,86
CS5734,23/3/2013,121
CS8257,2/11/2015,260
CS6813,22/9/2015,547
CS6259,28/7/2014,384
CS2939,16/8/2014,415
CS3410,4/12/2015,705
CS1405,6/6/2015,789
CS6232,24/12/2015,504
CS7296,31/12/2012,319
CS6689,23/12/2015,878
CS1588,20/10/2013,985
CS2203,8/1/2015,674
CS5917,2/1/2014,114
CS8579,20/1/2014,466
CS8043,9/10/2013,473
CS1076,27/11/2013,195
CS2024,16/9/2014,815
CS2108,14/9/2014,315
CS1993,21/8/2013,183
CS7804,14/6/2013,647
CS1667,26/4/2013,112
CS8081,1/6/2015,549
CS1504,13/2/2015,987
CS4123,29/4/2015,214
CS5607,24/5/2015,260
CS2334,24/3/2015,507
CS4792,30/12/2014,979
CS7292,25/2/2013,255
CS7653,20/2/2014,560
CS4402,18/7/2014,654
CS9808,22/4/2014,799
CS9657,17/8/2013,895
CS4040,10/6/2015,176
CS4061,23/6/2015,883
CS3803,28/11/2014,119
CS9351,15/11/2015,257
CS6271,12/7/2013,527
CS4099,4/7/2014,463
CS8803,13/1/2013,256
CS8063,1/4/2013,330
CS1185,13/1/2013,34
CS5941,25/8/2014,812
CS4530,2/2/2015,600
CS8324,6/12/2014,245
CS2886,3/8/2013,171
CS6507,27/6/2014,186
CS8451,17/11/2014,314
CS4086,23/11/2014,414
CS7117,29/4/2014,201
CS6276,17/12/2013,372
CS4847,28/6/2014,71
CS5827,11/12/2014,471
CS6696,4/10/2014,925
CS9929,9/5/2015,241
CS4726,5/1/2014,488
CS3037,20/11/2014,700
CS3697,1/10/2013,137
CS5422,21/11/2015,684
CS1846,3/4/2014,145
CS3194,27/2/2015,629
CS8544,23/8/2015,236
CS9596,28/1/2015,560
CS5193,12/3/2013,178
CS6191,29/4/2014,268
CS8506,25/11/2013,761
CS7136,9/12/2014,399
CS8213,10/1/2014,117
CS8019,4/4/2013,347
CS2209,5/12/2013,317
CS6426,5/5/2014,260
CS3075,24/1/2014,594
CS7614,3/6/2015,735
CS3205,6/10/2013,29
CS4784,26/8/2015,554
CS6244,11/12/2013,753
CS7277,13/11/2014,906
CS7605,23/7/2015,818
CS5946,28/7/2013,93
CS2021,20/7/2013,760
CS8613,17/12/2014,569
CS5640,2/5/2015,277
CS4462,12/2/2013,405
CS9998,20/4/2015,36
CS9472,31/12/2012,297
CS9667,28/4/2014,643
CS4063,13/4/2014,825
CS5049,5/6/2014,589
CS4984,24/12/2015,88
CS1492,13/2/2015,733
CS7794,7/5/2014,35
CS9435,27/6/2014,646
CS7016,25/3/2014,699
CS3656,24/9/2014,168
CS6994,21/10/2014,149
CS6412,31/7/2014,756
CS4851,20/11/2013,973
CS3473,20/10/2014,893
CS2303,15/11/2015,466
CS7645,17/7/2013,622
CS9358,13/3/2015,336
CS1892,30/7/2015,157
CS3715,27/4/2014,259
CS7231,12/2/2014,766
CS7458,24/11/2013,896
CS1135,1/4/2014,406
CS4410,1/3/2013,451
CS6847,13/7/2015,550
CS1022,12/8/2015,41
CS7731,27/5/2013,893
CS3494,12/2/2013,742
CS9592,26/5/2015,898
CS2287,8/5/2014,489
CS1313,28/6/2014,800
CS4627,10/6/2013,502
CS4809,22/7/2014,470
CS7048,23/2/2015,945
CS9010,28/5/2013,650
CS1099,30/11/2015,283
CS9494,7/12/2015,832
CS4879,16/5/2014,53
CS3169,29/12/2014,932
CS6729,5/5/2015,748
CS1495,31/10/2013,260
CS8564,23/4/2014,805
CS4564,17/11/2014,159
CS5180,8/4/2014,638
CS3748,28/3/2015,835
CS3842,12/5/2014,387
CS2104,27/11/2015,355
CS9737,12/4/2013,111
CS5209,25/1/2015,613
CS3759,21/2/2014,629
CS4594,21/7/2014,119
CS7345,17/8/2015,418
CS9471,13/10/2014,94
CS2200,24/7/2015,109
CS6802,4/2/2013,84
CS6979,18/9/2015,599
CS5834,6/10/2014,603
CS8846,7/10/2014,809
CS5511,2/8/2013,456
CS9851,6/5/2015,560
CS5406,24/7/2013,808
CS4735,20/8/2014,210
CS1558,22/2/2013,240
CS3828,23/12/2014,113
CS5320,10/9/2014,267
CS9763,20/5/2013,626
CS3905,20/2/2014,263
CS9528,1/2/2014,920
CS3751,7/2/2014,862
CS3980,22/9/2015,930
CS3163,22/1/2013,908
CS6336,30/9/2013,614
CS3256,4/10/2015,870
CS8665,6/6/2015,577
CS3965,6/9/2015,760
CS6412,21/2/2013,633
CS6019,12/9/2013,505
CS2490,2/4/2013,663
CS3429,31/12/2013,74
CS6339,26/11/2015,873
CS6187,24/10/2014,93
CS2615,1/9/2014,147
CS5720,7/9/2013,172
CS2992,17/1/2015,120
CS4326,21/2/2013,895
CS6304,22/7/2013,231
CS9384,17/2/2014,262
CS6750,28/11/2015,239
CS2061,26/2/2014,807
CS6084,17/11/2013,855
CS6516,17/1/2015,841
CS5888,26/5/2014,397
CS4150,19/1/2015,247
CS5671,23/4/2014,486
CS4589,20/11/2014,645
CS6311,23/7/2015,801
CS5041,7/3/2014,957
CS3994,12/7/2015,280
CS2979,1/1/2013,720
CS9563,20/3/2015,120
CS3431,16/12/2015,397
CS3217,28/1/2013,785
CS1256,7/11/2015,96
CS1404,30/9/2013,682
CS7046,30/10/2013,632
CS5678,9/3/2015,459
CS7853,13/3/2015,352
CS6327,3/5/2014,896
CS5628,4/5/2015,380
CS1758,19/11/2013,562
CS4382,15/7/2014,29
CS4878,22/5/2013,729
CS3904,10/12/2014,141
CS6731,24/9/2013,895
CS3909,3/4/2015,847
CS9014,24/5/2015,603
CS9424,30/10/2014,854
CS9672,29/10/2013,120
CS4179,2/1/2014,335
CS8909,13/10/2013,559
CS4675,27/12/2015,283
CS6284,8/11/2013,58
CS2932,6/1/2015,782
CS5469,14/12/2014,836
CS3244,22/7/2015,929
CS3770,14/4/2014,683
CS7330,25/4/2015,700
CS1466,28/3/2013,812
CS1453,27/8/2015,381
CS6953,1/5/2015,552
CS5592,21/12/2015,319
CS1755,10/9/2015,11
CS2155,13/1/2014,685
CS6094,17/9/2013,73
CS3036,20/8/2013,591
CS2627,14/6/2014,754
CS3489,29/6/2015,497
CS4327,2/2/2015,742
CS2738,17/5/2013,400
CS5370,11/8/2013,905
CS5546,27/12/2014,490
CS3684,17/7/2014,854
CS8851,31/10/2015,473
CS4085,20/10/2013,324
CS3515,22/5/2014,660
CS3397,21/2/2013,403
CS5248,4/11/2013,218
CS3487,18/12/2014,773
CS4941,13/7/2013,574
CS1952,5/6/2014,142
CS3885,16/7/2013,715
CS7088,28/4/2013,676
CS8688,15/10/2015,236
CS3164,13/9/2015,259
CS5894,8/10/2013,602
CS6968,22/1/2013,343
CS7808,22/3/2014,266
CS8717,7/2/2014,147
CS8863,18/4/2014,424
CS7336,9/10/2014,790
CS9923,3/2/2014,888
CS7971,24/5/2013,393
CS1001,9/4/2014,346
CS9272,17/1/2015,487
CS4095,27/8/2014,913
CS5405,1/1/2014,887
CS1806,23/9/2014,947
CS6447,13/6/2013,637
CS8743,22/6/2013,34
CS7337,2/1/2013,23
CS4462,1/7/2015,499
CS2556,10/6/2015,141
CS4729,30/12/2013,609
CS9454,13/1/2014,346
CS4319,14/9/2014,771
CS4172,11/2/2014,38
CS8764,22/3/2015,143
CS9324,23/6/2015,981
CS7816,4/4/2013,775
CS3588,9/4/2015,96
CS8616,25/12/2014,660
CS7532,17/12/2015,640
CS1549,7/3/2014,728
CS1686,9/11/2013,18
CS9697,21/7/2015,484
CS8813,31/12/2014,656
CS9587,7/9/2015,873
CS7725,30/1/2015,213
CS1447,11/5/2013,183
CS4755,28/6/2015,359
CS8170,23/6/2014,377
CS7892,30/9/2014,163
CS1262,20/10/2013,963
CS3128,22/12/2015,319
CS1114,24/11/2015,526
CS9347,15/11/2015,491
CS5728,20/10/2015,352
CS7335,8/9/2014,235
CS1785,25/11/2014,798
CS7872,28/7/2013,565
CS7863,10/3/2015,858
CS9233,26/7/2014,477
CS9699,27/1/2013,861
CS5658,1/11/2014,105
CS9608,2/8/2014,878
CS4523,8/10/2013,662
CS1612,7/11/2014,171
CS8776,4/3/2013,605
CS9503,24/3/2015,138
CS7966,17/4/2015,854
CS8982,24/12/2014,980
CS4068,11/8/2015,681
CS6749,27/4/2015,497
CS1640,2/9/2013,377
CS6774,30/3/2014,571
CS7246,26/5/2015,841
CS7279,20/5/2014,245
CS9601,28/1/2015,656
CS5112,29/6/2014,925
CS4520,10/7/2015,390
CS9673,24/8/2014,740
CS6745,15/3/2014,586
CS5608,27/1/2015,258
CS7174,13/7/2015,822
CS3250,30/12/2012,677
CS5023,4/4/2014,486
CS2398,6/8/2013,843
CS2400,8/8/2015,818
CS6720,7/1/2015,639
CS8346,19/1/2013,489
CS9515,14/6/2015,957
CS2659,5/4/2015,748
CS4130,26/7/2013,474
CS6090,12/6/2013,364
CS8782,2/2/2013,388
CS9450,27/4/2015,641
CS6720,9/4/2015,214
CS9563,15/11/2015,121
CS5617,22/3/2015,499
CS7000,23/3/2015,724
CS1714,19/8/2014,77
CS9414,11/1/2013,899
CS1299,29/12/2015,885
CS1636,25/6/2014,787
CS8557,24/4/2013,710
CS9275,22/3/2014,985
CS3806,18/12/2015,769
CS7764,31/10/2015,363
CS4508,22/11/2014,809
CS4175,17/7/2015,419
CS4959,13/9/2013,964
CS4314,8/10/2015,309
CS9144,27/3/2014,330
CS1790,28/3/2015,119
CS7177,27/8/2013,379
CS8067,5/12/2015,740
CS9836,7/9/2014,901
CS7418,8/1/2015,134
CS8390,1/2/2014,621
CS1544,13/4/2014,248
CS4991,31/8/2013,241
CS9318,6/2/2015,884
CS4505,2/10/2015,778
CS3771,8/4/2015,609
CS1707,7/8/2015,517
CS5191,28/7/2014,625
CS1993,19/8/2013,258
CS9899,31/10/2015,11
CS1762,8/9/2013,159
CS6257,8/2/2014,260
CS8013,19/5/2015,321
CS8055,18/11/2014,893
CS9070,11/8/2015,555
CS8182,25/5/2015,284
CS7170,28/6/2014,916
CS2021,2/11/2015,256
CS9008,30/8/2014,88
CS3957,27/5/2015,95
CS3682,1/9/2015,570
CS7364,30/6/2015,453
CS5118,23/5/2013,690
CS7247,14/8/2013,338
CS9223,2/12/2015,967
CS9699,23/12/2015,754
CS4031,15/12/2015,46
CS4372,6/6/2013,887
CS4525,17/6/2013,974
CS5529,12/12/2014,105
CS1433,30/7/2013,204
CS2015,7/8/2013,246
CS3433,27/5/2015,849
CS7346,20/7/2013,533
CS1687,16/6/2013,135
CS4432,27/6/2013,429
CS5024,6/6/2015,852
CS9540,14/10/2013,215
CS5276,18/2/2015,150
CS3861,31/12/2014,747
CS9173,28/10/2014,479
CS8576,4/3/2013,367
CS1020,3/8/2014,832
CS7488,11/12/2013,721
CS9307,11/10/2015,480
CS9238,1/3/2014,649
CS3605,17/2/2015,403
CS9860,1/8/2013,953
CS7429,30/7/2015,716
CS4133,22/4/2013,559
CS9430,24/10/2013,376
CS8644,27/7/2013,650
CS9088,6/4/2014,638
CS7424,2/10/2014,272
CS8146,4/5/2013,552
CS4780,21/6/2014,423
CS4349,26/12/2014,500
CS4054,24/12/2015,776
CS2490,12/9/2015,465
CS8357,20/11/2013,109
CS5831,3/3/2014,141
CS4493,23/4/2014,267
CS8940,7/5/2014,62
CS2404,4/9/2015,184
CS2125,4/9/2013,16
CS1262,20/4/2015,124
CS1466,29/7/2015,360
CS3810,14/2/2014,28
CS8424,13/5/2015,67
CS8282,15/2/2015,73
CS9906,9/11/2014,460
CS1795,5/3/2014,383
CS4311,17/4/2015,737
CS6095,17/10/2015,936
CS5433,13/1/2015,558
CS4146,7/9/2013,960
CS6970,3/9/2014,780
CS6553,16/10/2014,14
CS8022,14/2/2015,60
CS8394,14/1/2015,830
CS2505,26/12/2013,74
CS8904,26/10/2013,958
CS5908,24/5/2013,785
CS6563,30/1/2015,727
CS6931,27/2/2014,205
CS5174,15/3/2015,344
CS9456,21/1/2013,818
CS7212,9/9/2014,907
CS8124,27/12/2013,965
CS7214,1/5/2015,630
CS3176,1/1/2015,37
CS5550,19/8/2013,286
CS1810,14/2/2015,84
CS6055,17/5/2013,210
CS8462,17/2/2014,291
CS9915,19/10/2013,281
CS9622,12/6/2014,73
CS3973,12/11/2013,555
CS7458,25/2/2014,294
CS3559,10/9/2013,75
CS9308,3/7/2014,660
CS1307,30/1/2014,233
CS3213,25/4/2013,453
CS4865,29/8/2013,814
CS2399,6/4/2015,198
CS2750,1/7/2013,893
CS1387,14/6/2015,847
CS1197,4/5/2013,955
CS2626,18/7/2013,542
CS9547,1/9/2014,914
CS9051,14/5/2013,332
CS9850,13/5/2013,522
CS1240,14/3/2014,65
CS2383,16/12/2014,713
CS4089,9/11/2014,310
CS2540,28/5/2014,184
CS4155,16/1/2013,845
CS4682,24/9/2015,15
CS6657,28/7/2015,302
CS2916,10/8/2014,311
CS8863,4/7/2014,794
CS1402,31/5/2014,143
CS4894,10/6/2015,10
CS5356,19/10/2013,88
CS3520,3/5/2013,452
CS1595,2/10/2015,111
CS6587,2/8/2013,672
CS5183,19/6/2015,512
CS7768,9/1/2015,467
CS1906,24/9/2015,131
CS1055,24/2/2014,659
CS4269,22/6/2015,489
CS7426,13/3/2014,898
CS5918,29/9/2013,54
CS5727,8/10/2015,252
CS3893,8/5/2014,926
CS1726,5/5/2015,983
CS3728,7/6/2013,361
CS3234,4/4/2014,880
CS9370,13/2/2013,361
CS5051,16/8/2013,258
CS4076,29/1/2013,457
CS8373,6/3/2013,867
CS3175,7/1/2014,155
CS1928,1/1/2013,652
CS9887,29/6/2013,857
CS2172,17/5/2014,47
CS2115,13/10/2014,782
CS3572,29/7/2015,71
CS4574,19/1/2013,923
CS8223,12/7/2015,586
CS4773,26/2/2013,15
CS3864,24/9/2014,98
CS7887,12/5/2013,605
CS1812,29/8/2015,516
CS9223,29/10/2015,970
CS2706,22/5/2013,142
CS4802,3/6/2014,390
CS1815,22/2/2013,267
CS4388,21/3/2015,470
CS9087,3/11/2013,578
CS4170,22/4/2015,306
CS8343,28/3/2015,687
CS6654,20/3/2013,247
CS4973,20/4/2013,680
CS5222,1/9/2015,648
CS4614,19/3/2015,412
CS2784,2/3/2014,166
CS4617,20/4/2015,941
CS4599,27/1/2015,918
CS6230,13/10/2013,863
CS5185,29/1/2014,476
CS4986,26/4/2013,861
CS1696,27/3/2013,944
CS6862,26/2/2013,990
CS7603,1/10/2015,69
CS2710,4/8/2013,109
CS5801,27/2/2013,719
CS5978,25/8/2013,493
CS8677,15/1/2015,628
CS7856,18/4/2015,514
CS2535,25/3/2013,764
CS2599,8/3/2013,799
CS2320,3/8/2013,489
CS5235,21/9/2013,342
CS7255,16/8/2013,75
CS7711,21/9/2015,594
CS8318,10/5/2014,458
CS9000,17/2/2014,781
CS6650,7/9/2013,414
CS2310,15/2/2015,212
CS2163,1/12/2014,938
CS4292,26/3/2014,556
CS8642,23/1/2015,445
CS9116,30/5/2015,301
CS7791,20/2/2013,356
CS2441,6/10/2014,641
CS4783,8/10/2015,348
CS5838,25/5/2014,841
CS2777,30/7/2014,27
CS5816,1/4/2014,43
CS2498,9/4/2013,971
CS3338,3/12/2015,987
CS2076,24/6/2014,526
CS8774,5/7/2013,803
CS2249,19/4/2013,748
CS7511,22/9/2014,788
CS2791,28/11/2013,450
CS2084,8/11/2013,166
CS4079,16/1/2014,160
CS9618,18/10/2015,442
CS9328,7/2/2013,610
CS7398,21/7/2015,597
CS2197,15/4/2013,470
CS2746,2/7/2013,986
CS1375,17/12/2015,453
CS7837,27/4/2014,525
CS3055,1/1/2013,972
CS9334,17/9/2013,992
CS2564,12/3/2015,759
CS1740,15/8/2013,827
CS1268,21/3/2014,535
CS8834,29/5/2015,505
CS5201,4/8/2014,279
CS5065,11/8/2015,852
CS6838,3/1/2013,160
CS5120,9/9/2013,399
CS7076,13/6/2015,222
CS8285,29/5/2015,189
CS6254,19/10/2014,468
CS9641,18/4/2013,898
CS9949,15/4/2015,109
CS8854,7/3/2014,644
CS1889,19/10/2015,980
CS5947,22/10/2014,154
CS3651,24/6/2013,237
CS3079,26/4/2014,543
CS3392,21/9/2014,886
CS6180,24/5/2014,576
CS4586,21/10/2013,506
CS8524,27/11/2015,865
CS2112,23/2/2015,550
CS7804,13/1/2014,602
CS6124,20/9/2015,669
CS8417,8/5/2013,39
CS6065,3/7/2015,87
CS7342,25/11/2014,773
CS1190,9/5/2013,473
CS3132,26/2/2013,455
CS1117,14/10/2015,594
CS3832,23/12/2013,887
CS3397,15/6/2013,406
CS8337,21/11/2014,664
CS8968,7/9/2015,680
CS3371,2/10/2015,100
CS7201,20/4/2013,109
CS4030,31/5/2014,152
CS5989,29/9/2014,269
CS1399,10/12/2015,642
CS3676,4/11/2013,448
CS6796,12/2/2014,341
CS2051,6/1/2013,688
CS3165,15/1/2015,393
CS5516,30/7/2014,777
CS3654,12/9/2015,694
CS3126,22/7/2013,150
CS2478,13/5/2014,692
CS5041,29/1/2015,125
CS2827,7/10/2013,863
CS1733,30/6/2014,587
CS7271,8/6/2015,771
CS8696,12/7/2015,64
CS5386,9/10/2013,817
CS9948,16/8/2013,18
CS4454,31/10/2013,935
CS3909,5/12/2014,567
CS3976,30/8/2015,99
CS6416,7/8/2014,916
CS9375,28/3/2015,269
CS2302,8/7/2014,857
CS1164,27/11/2015,39
CS8763,3/7/2013,629
CS3085,7/12/2013,107
CS7961,18/5/2015,870
CS4245,15/3/2014,427
CS4451,27/5/2015,725
CS2739,4/7/2014,418
CS3791,11/8/2014,841
CS7751,20/1/2013,545
CS2455,2/8/2013,589
CS8145,25/5/2015,135
CS7518,17/3/2014,666
CS5672,19/9/2013,229
CS8972,15/9/2015,620
CS6630,10/9/2013,670
CS3889,25/8/2014,666
CS7251,13/10/2013,25
CS1532,9/12/2015,487
CS4045,25/2/2014,797
CS8140,7/9/2014,346
CS9108,14/2/2014,234
CS4398,22/4/2013,838
CS9909,12/6/2014,411
CS3514,5/1/2013,565
CS1425,16/3/2014,409
CS6017,20/12/2015,931
CS9267,11/1/2015,616
CS4208,31/12/2015,224
CS8160,16/6/2014,161
CS5975,12/4/2013,697
CS1406,21/9/2014,798
CS1185,3/4/2013,150
CS3464,5/1/2015,931
CS8029,29/8/2013,839
CS4090,21/6/2014,428
CS4074,21/4/2015,477
CS4515,26/4/2013,838
CS1423,20/9/2013,231
CS1516,10/9/2015,33
CS6609,6/6/2015,400
CS3277,7/2/2014,555
CS8031,4/6/2013,480
CS6310,21/4/2014,871
CS5809,18/7/2014,294
CS8406,5/4/2014,653
CS6010,8/4/2014,768
CS4894,18/4/2015,912
CS2238,14/8/2014,476
CS8284,20/3/2013,878
CS5539,8/10/2015,193
CS4016,11/5/2013,970
CS7487,26/12/2015,913
CS8858,5/3/2015,195
CS5595,25/6/2014,985
CS4514,14/2/2013,53
CS5103,29/4/2015,800
CS3486,15/5/2015,490
CS9189,10/9/2014,248
CS6873,17/11/2015,730
CS4271,20/4/2015,427
CS4806,11/7/2015,274
CS7184,11/6/2013,289
CS3490,12/4/2013,651
CS7616,9/6/2013,839
CS5597,13/11/2015,187
CS3887,21/1/2014,891
CS3881,25/12/2013,926
CS1622,16/6/2014,865
CS3455,5/7/2015,472
CS5795,8/8/2015,547
CS3647,9/10/2014,276
CS3096,29/8/2014,594
CS8043,8/3/2015,197
CS7277,19/6/2015,543
CS7440,5/4/2013,926
CS8255,12/12/2015,363
CS8697,8/2/2014,783
CS9592,15/4/2015,937
CS2957,25/4/2015,739
CS8974,22/7/2013,877
CS7289,26/11/2013,454
CS4652,26/12/2013,195
CS1401,28/10/2014,438
CS6828,16/4/2013,677
CS9769,26/6/2013,68
CS9685,10/11/2013,587
CS5576,2/12/2013,547
CS8895,27/8/2014,423
CS2906,11/8/2015,889
CS4856,26/12/2015,443
CS6536,11/1/2015,328
CS3879,20/10/2015,820
CS3454,6/2/2015,162
CS9876,17/8/2014,787
CS6556,12/3/2014,212
CS6604,24/10/2014,521
CS1573,22/5/2015,831
CS8781,21/10/2013,668
CS4012,31/8/2015,412
CS8476,30/9/2013,593
CS7422,14/9/2013,939
CS2399,27/6/2013,288
CS1034,15/11/2013,927
CS9639,3/3/2013,553
CS3435,15/11/2014,289
CS7950,15/11/2015,145
CS9404,2/3/2014,57
CS3387,7/12/2015,680
CS7523,19/6/2013,380
CS1304,17/11/2015,312
CS3327,27/6/2013,188
CS1446,12/8/2014,209
CS8940,18/7/2013,144
CS6586,6/8/2015,144
CS8734,12/3/2013,160
CS5496,30/3/2013,907
CS5218,24/6/2013,605
CS2958,12/6/2015,535
CS9010,16/9/2014,642
CS5276,11/2/2013,773
CS9686,30/5/2014,206
CS3199,23/7/2014,62
CS1217,21/1/2013,559
CS5545,5/4/2014,95
CS1241,22/8/2013,278
CS2809,6/12/2013,662
CS8784,22/7/2015,966
CS9921,19/10/2013,582
CS4318,15/4/2015,640
CS5695,30/7/2015,774
CS7122,28/8/2013,413
CS2442,31/8/2015,378
CS6232,14/9/2014,180
CS5152,20/9/2014,205
CS2966,16/5/2013,93
CS7229,12/5/2014,244
CS8186,4/8/2015,83
CS9768,1/5/2014,863
CS8340,9/3/2014,547
CS3254,29/8/2013,613
CS3149,18/6/2014,722
CS9620,24/9/2015,155
CS3082,21/1/2014,384
CS3485,2/9/2014,923
CS9049,20/4/2014,979
CS7343,12/1/2015,256
CS4172,23/7/2014,813
CS2684,14/2/2013,184
CS8131,13/10/2013,482
CS2478,28/1/2015,220
CS3931,22/8/2014,919
CS3700,10/1/2015,940
CS7160,13/8/2014,165
CS6407,6/8/2014,673
CS1373,8/1/2013,18
CS8587,3/7/2015,83
CS2707,26/3/2013,612
CS5195,4/5/2014,659
CS2867,3/9/2015,13
CS1049,6/9/2014,467
CS6207,26/4/2015,256
CS3234,14/8/2013,670
CS2229,6/4/2013,576
CS2056,8/12/2013,143
CS4895,13/10/2013,512
CS4598,28/4/2013,729
CS3022,12/7/2014,443
CS9071,14/10/2015,753
CS3274,4/8/2013,941
CS5987,22/3/2013,550
CS6625,31/1/2014,439
CS6835,31/1/2015,718
CS7485,23/5/2013,240
CS7220,19/12/2015,181
CS1376,1/4/2014,241
CS9885,26/1/2014,821
CS5646,1/2/2013,382
CS6033,9/1/2015,123
CS5617,11/2/2013,588
CS6846,13/10/2013,843
CS5945,10/9/2013,229
CS5483,21/3/2015,35
CS2115,14/6/2014,68
CS3406,2/10/2015,896
CS1541,21/11/2014,681
CS7248,24/3/2013,816
CS7817,26/11/2013,863
CS5083,17/4/2014,888
CS6099,31/12/2014,408
CS7755,26/7/2014,216
CS1895,3/1/2015,779
CS8945,16/10/2014,847
CS7233,3/6/2013,964
CS8510,4/8/2014,903
CS4951,23/12/2015,966
CS1768,8/12/2014,646
CS7368,12/10/2013,213
CS2536,8/7/2014,650
CS8419,12/8/2014,776
CS7358,10/10/2013,560
CS5221,17/4/2015,517
CS3366,20/7/2015,18
CS9033,14/11/2014,331
CS5698,8/8/2015,471
CS8552,26/6/2014,481
CS3113,24/8/2014,82
CS4270,24/12/2015,918
CS9034,8/7/2013,593
CS5418,8/11/2014,569
CS8776,24/11/2015,811
CS7378,22/6/2015,43
CS3827,3/2/2013,902
CS6613,15/7/2013,126
CS4577,20/11/2014,948
CS5523,7/10/2013,20
CS1207,30/3/2013,998
CS2543,24/3/2013,409
CS6570,31/12/2014,266
CS4487,3/10/2015,759
CS9120,17/12/2015,955
CS2197,20/4/2015,886
CS3184,10/9/2013,829
CS4938,13/2/2015,87
CS1818,24/8/2013,720
CS2003,27/8/2014,114
CS6287,22/11/2014,363
CS4940,8/9/2015,958
CS5177,18/11/2013,315
CS1589,7/11/2014,495
CS1397,31/7/2014,350
CS5240,24/5/2013,217
CS5675,17/11/2013,249
CS2259,18/5/2014,748
CS9711,25/3/2015,671
CS9578,26/9/2014,355
CS3009,2/11/2014,107
CS3636,9/5/2013,908
CS4628,5/12/2014,161
CS7934,14/2/2015,525
CS3541,30/1/2013,821
CS6645,22/8/2014,724
CS9580,1/5/2015,408
CS9449,1/10/2014,12
CS9004,5/10/2013,174
CS8688,5/2/2014,576
CS6453,17/3/2015,55
CS7524,5/4/2015,653
CS5983,26/3/2013,277
CS2190,12/3/2013,123
CS4205,18/11/2013,377
CS7861,7/4/2015,387
CS8327,22/6/2015,671
CS6606,31/7/2014,771
CS8582,8/8/2014,498
CS7458,14/2/2013,239
CS2297,24/6/2014,159
CS8471,1/6/2014,633
CS3717,18/5/2013,841
CS7623,14/5/2015,655
CS5611,10/4/2013,578
CS5495,21/4/2014,819
CS5982,24/8/2015,215
CS4969,7/12/2014,75
CS2485,23/11/2015,170
CS8461,20/4/2015,430
CS4466,4/6/2014,493
CS5773,9/12/2014,834
CS8648,1/2/2013,16
CS4315,8/10/2013,167
CS9424,2/7/2014,515
CS9632,6/12/2013,319
CS8406,19/3/2013,828
CS2978,30/5/2014,629
CS4520,9/7/2013,81
CS4160,9/1/2015,395
CS3320,24/9/2015,240
CS2267,8/7/2014,599
CS1942,24/8/2014,320
CS3884,23/10/2015,751
CS6118,26/11/2013,178
CS4129,31/8/2015,505
CS5042,10/4/2015,313
CS5745,2/5/2013,469
CS6513,31/3/2015,210
CS1185,29/12/2013,565
CS1023,4/10/2013,840
CS8097,23/10/2014,403
CS6137,23/4/2013,700
CS4314,21/2/2014,899
CS5315,8/5/2014,758
CS5221,24/3/2013,535
CS3248,2/1/2014,545
CS1914,8/8/2014,159
CS6667,14/10/2014,813
CS8359,30/7/2013,106
CS8702,21/4/2013,82
CS1145,10/12/2013,351
CS4371,21/7/2015,620
CS6947,3/1/2014,449
CS2808,15/7/2015,972
CS7937,14/1/2013,621
CS4296,29/5/2013,894
CS9515,14/12/2015,36
CS6660,24/4/2014,790
CS4065,14/6/2013,21
CS7038,27/5/2013,304
CS9274,15/5/2015,702
CS8663,6/12/2014,118
CS9534,21/4/2015,544
CS9835,23/6/2013,762
CS4016,26/12/2015,191
CS5462,26/12/2015,475
CS9091,11/6/2014,705
CS4798,3/2/2014,181
CS1354,31/1/2015,712
CS3306,19/2/2013,468
CS9772,11/4/2013,289
CS5656,12/1/2015,712
CS3207,18/3/2015,17
CS6278,2/6/2013,746
CS7925,29/10/2014,128
CS9106,26/2/2014,700
CS9503,3/7/2013,526
CS8130,5/9/2015,599
CS1448,7/11/2014,580
CS1355,3/8/2013,514
CS8586,7/9/2015,568
CS5327,9/10/2015,876
CS8398,23/3/2013,280
CS8190,24/3/2014,640
CS2557,13/10/2013,342
CS4183,11/6/2015,561
CS2205,19/12/2013,783
CS7304,16/8/2015,479
CS7899,14/9/2013,178
CS2539,18/5/2015,860
CS3492,13/9/2015,487
CS2555,11/8/2014,878
CS2008,20/3/2014,719
CS6448,15/3/2014,180
CS9694,15/3/2013,299
CS9886,26/3/2015,46
CS3210,5/11/2015,857
CS2319,20/8/2015,900
CS1862,29/8/2013,152
CS4443,14/1/2013,396
CS5335,20/7/2015,260
CS6259,21/11/2014,540
CS9703,13/11/2013,45
CS2548,1/3/2015,98
CS3963,28/7/2013,509
CS2244,14/9/2015,529
CS9174,12/8/2014,383
CS7988,25/5/2015,152
CS1812,13/3/2013,940
CS5181,2/2/2013,790
CS6371,5/6/2015,44
CS6715,15/1/2013,927
CS7605,24/1/2013,982
CS7134,30/7/2014,540
CS5769,16/1/2014,233
CS3088,16/8/2013,94
CS5640,14/12/2014,96
CS8043,3/3/2014,581
CS1108,10/9/2014,297
CS3632,7/2/2015,785
CS7557,23/8/2015,191
CS9580,21/3/2013,831
CS3753,19/7/2014,40
CS2486,21/5/2013,606
CS2180,19/1/2013,628
CS9751,18/6/2014,775
CS4026,20/4/2014,451
CS5904,5/12/2014,828
CS6119,22/6/2014,142
CS5799,21/10/2014,578
CS6579,15/2/2013,293
CS7290,19/12/2014,463
CS1864,16/10/2014,533
CS3002,18/8/2014,645
CS5979,28/3/2013,439
CS9654,11/11/2013,246
CS8025,14/10/2015,77
CS8541,8/2/2013,867
CS2869,29/4/2014,217
CS5682,9/7/2014,846
CS1332,23/12/2014,91
CS1850,29/6/2013,524
CS8750,23/9/2015,762
CS3564,3/8/2013,519
CS4476,2/10/2014,766
CS1397,17/5/2015,182
CS9844,2/1/2013,665
CS4734,22/5/2013,472
CS3734,27/9/2015,278
CS3949,7/1/2015,419
CS2729,19/3/2013,856
CS2542,11/2/2014,967
CS3463,25/2/2015,331
CS8215,23/5/2014,217
CS9341,11/5/2014,603
CS7778,30/11/2014,276
CS4721,11/7/2013,436
CS2225,9/2/2015,249
CS5430,26/1/2015,38
CS4372,21/6/2015,663
CS8117,2/4/2013,759
CS2116,2/9/2013,870
CS2608,14/8/2014,732
CS2064,27/9/2015,894
CS7121,5/11/2015,407
CS7201,27/2/2015,617
CS8297,28/11/2015,356
CS5854,20/10/2014,51
CS6123,15/2/2013,620
CS7312,27/12/2014,795
CS5021,25/8/2013,612
CS9879,5/11/2015,35
CS7960,19/1/2014,497
CS3251,29/9/2015,597
CS2555,16/3/2015,382
CS7121,12/1/2014,632
CS6541,3/2/2015,712
CS3899,6/8/2014,666
CS7537,31/10/2013,153
CS8265,12/9/2015,699
CS3198,29/8/2013,357
CS2359,19/7/2013,28
CS6336,25/10/2014,891
CS9322,21/1/2014,637
CS5344,17/10/2013,259
CS4263,7/7/2013,46
CS9735,24/11/2013,834
CS3635,24/8/2014,900
CS9813,15/2/2013,243
CS3445,4/3/2014,498
CS4467,5/5/2015,56
CS8401,13/4/2013,633
CS9493,5/7/2013,758
CS2575,23/3/2013,967
CS6795,7/9/2014,117
CS4807,6/12/2014,137
CS7926,2/7/2013,712
CS6270,4/6/2015,496
CS6342,18/4/2015,339
CS5940,6/9/2013,232
CS7298,23/8/2014,340
CS7713,30/4/2014,775
CS9857,29/10/2014,976
CS1603,9/5/2013,759
CS6424,19/6/2015,172
CS6514,30/11/2013,532
CS2342,7/5/2014,933
CS5643,18/4/2013,183
CS1739,22/1/2014,370
CS3102,5/2/2013,381
CS4022,10/11/2014,440
CS9344,15/1/2013,567
CS1536,7/5/2014,135
CS6085,16/6/2013,76
CS5385,24/3/2014,409
CS1379,8/9/2015,751
CS6503,21/6/2013,779
CS3919,10/11/2015,85
CS8632,3/1/2013,67
CS6001,27/6/2014,241
CS4678,8/6/2014,696
CS1205,16/6/2013,916
CS5332,29/11/2015,898
CS9788,28/4/2014,937
CS8115,24/11/2013,849
CS1344,24/7/2014,456
CS2133,3/8/2015,72
CS1105,17/12/2014,730
CS7369,22/5/2014,30
CS4203,15/11/2015,247
CS9822,27/1/2013,142
CS7822,29/10/2015,79
CS5664,29/4/2015,610
CS9038,6/7/2015,647
CS8094,29/11/2014,914
CS7676,18/1/2014,919
CS6721,27/8/2013,860
CS3400,29/9/2014,275
CS3673,4/8/2013,355
CS7991,9/3/2015,716
CS6752,13/11/2013,703
CS4833,15/12/2014,845
CS2649,24/7/2014,930
CS4964,28/6/2015,72
CS6822,24/12/2015,880
CS6438,13/12/2013,529
CS6706,20/3/2013,821
CS5070,4/7/2014,226
CS4474,28/11/2015,250
CS7572,28/8/2014,364
CS2529,20/11/2013,912
CS4146,9/7/2014,514
CS7521,1/5/2015,866
CS5720,14/7/2014,988
CS9951,19/1/2015,946
CS5083,25/10/2013,332
CS2367,18/6/2014,717
CS8600,2/1/2014,751
CS8784,15/5/2014,764
CS1323,7/3/2013,306
CS6300,11/6/2015,122
CS9220,29/8/2014,558
CS8358,27/3/2014,639
CS8832,24/6/2015,517
CS7182,13/7/2015,213
CS4515,7/1/2014,283
CS8638,30/7/2015,935
CS8901,19/8/2015,809
CS1462,24/2/2015,825
CS7539,23/5/2013,612
CS5486,4/6/2015,318
CS5881,24/6/2014,697
CS2945,5/3/2015,698
CS6770,24/10/2014,61
CS7268,3/6/2014,786
CS8330,28/12/2013,615
CS5721,30/6/2015,40
CS8193,2/4/2015,897
CS4245,6/4/2015,190
CS6133,27/5/2014,225
CS1231,26/9/2014,806
CS9045,5/2/2015,293
CS5561,3/9/2014,955
CS2325,8/8/2015,80
CS4180,29/11/2015,610
CS5647,11/9/2015,898
CS7867,21/6/2015,917
CS5634,14/10/2014,997
CS9999,20/6/2014,147
CS9654,23/10/2013,783
CS4247,7/1/2013,145
CS5864,4/12/2015,190
CS2715,5/4/2014,713
CS9956,14/3/2014,41
CS2574,23/6/2015,299
CS4785,31/7/2015,537
CS7893,22/10/2015,27
CS9428,10/4/2013,623
CS2939,19/6/2015,468
CS2639,15/12/2014,726
CS8531,29/12/2014,781
CS9024,4/6/2014,705
CS5529,11/3/2014,245
CS4490,12/5/2014,933
CS3919,4/3/2015,112
CS5378,4/4/2013,43
CS5611,2/2/2015,565
CS4131,19/6/2013,372
CS1100,26/6/2014,203
CS6237,17/2/2013,741
CS8412,27/1/2013,967
CS5275,26/8/2013,456
CS2309,1/6/2014,709
CS8364,7/2/2015,96
CS8367,7/4/2015,715
CS3440,29/1/2014,336
CS8734,6/1/2015,596
CS1881,10/4/2014,213
CS5299,22/2/2014,301
CS2318,9/11/2014,112
CS1083,16/11/2013,924
CS4978,12/2/2014,593
CS5406,6/10/2014,38
CS8284,25/8/2014,862
CS7370,16/12/2015,118
CS6099,25/8/2014,112
CS8220,22/1/2014,654
CS1796,28/2/2014,247
CS7774,15/9/2013,865
CS5889,29/12/2014,797
CS8699,18/6/2014,813
CS2060,31/12/2012,302
CS2009,16/7/2013,393
CS9393,27/6/2014,621
CS3251,16/11/2015,649
CS2930,8/5/2015,122
CS1486,19/2/2014,946
CS2653,5/6/2013,206
CS9949,26/7/2015,188
CS5399,22/8/2015,677
CS9044,26/11/2015,870
CS6554,11/12/2014,25
CS9477,18/2/2014,901
CS3839,20/1/2015,113
CS6097,25/2/2015,574
CS3879,24/12/2014,337
CS2760,8/6/2013,821
CS1291,11/10/2014,871
CS5773,15/3/2015,641
CS7927,7/1/2015,964
CS7643,27/7/2014,160
CS3097,17/11/2014,675
CS2962,18/7/2015,938
CS9617,24/12/2013,469
CS6625,27/12/2015,25
CS7953,10/6/2014,669
CS4372,1/9/2014,681
CS9184,12/3/2013,953
CS1366,7/2/2015,223
CS6802,28/10/2013,277
CS7588,30/8/2015,131
CS7566,31/12/2014,245
CS2046,20/8/2015,608
CS1598,27/1/2015,327
CS4331,16/12/2015,865
CS5109,28/11/2015,439
CS2101,12/12/2015,414
CS2090,25/5/2014,359
CS7984,25/10/2014,269
CS6658,26/5/2015,925
CS6809,8/1/2013,927
CS6646,22/3/2015,489
CS2365,16/5/2015,132
CS9798,7/12/2015,332
CS8515,26/3/2015,197
CS5432,17/9/2013,946
CS1115,5/1/2015,257
CS7877,3/4/2013,49
CS4367,3/6/2015,636
CS9261,16/9/2014,916
CS8604,1/2/2013,451
CS6106,8/3/2015,649
CS9044,8/10/2014,263
CS4401,30/9/2015,450
CS6290,16/11/2013,975
CS4403,17/6/2015,362
CS3454,11/1/2015,838
CS9691,18/12/2015,814
CS2161,27/9/2014,933
CS2113,20/10/2013,365
CS3350,9/6/2013,329
CS9287,2/12/2015,202
CS4993,10/10/2014,372
CS4322,14/8/2014,714
CS9964,21/6/2014,685
CS4118,7/8/2015,833
CS8596,4/6/2015,605
CS9752,19/8/2013,657
CS5511,17/8/2014,511
CS9472,12/10/2013,707
CS5532,18/9/2014,248
CS6588,18/11/2014,43
CS7317,23/10/2015,246
CS1767,29/9/2013,119
CS3650,5/8/2015,34
CS3758,7/4/2013,366
CS7505,26/8/2015,695
CS9412,6/5/2013,401
CS4517,15/3/2013,945
CS7687,21/5/2014,733
CS7614,2/10/2014,220
CS4008,30/10/2015,274
CS1949,28/11/2013,727
CS7520,6/9/2013,443
CS6148,9/3/2014,589
CS2860,27/8/2013,988
CS5917,27/12/2013,21
CS8235,2/6/2014,537
CS7123,9/6/2013,774
CS3513,18/11/2015,207
CS8636,20/12/2015,569
CS6779,24/6/2014,842
CS1771,30/5/2013,781
CS7092,15/4/2015,408
CS3926,10/7/2015,184
CS2971,11/11/2013,422
CS1677,12/9/2013,500
CS9617,2/8/2014,706
CS1076,16/4/2013,371
CS9234,17/6/2015,217
CS2709,3/8/2015,605
CS7437,23/2/2013,176
CS5749,7/1/2015,712
CS3072,25/12/2013,585
CS1278,23/11/2013,293
CS4081,22/2/2014,514
CS9239,5/11/2014,657
CS4660,20/12/2015,494
CS1252,22/5/2013,55
CS3282,8/8/2015,239
CS2963,29/6/2015,601
CS3701,7/9/2013,557
CS7446,25/12/2013,189
CS5012,14/7/2015,971
CS8381,13/10/2015,385
CS4561,5/10/2014,421
CS2558,19/1/2014,483
CS3120,10/6/2015,376
CS8403,12/7/2015,418
CS7508,30/9/2013,342
CS8249,21/9/2014,850
CS8374,23/8/2015,326
CS3809,13/2/2013,107
CS7921,11/2/2015,629
CS4617,31/10/2013,974
CS7042,6/10/2013,396
CS9045,12/4/2013,434
CS5411,26/10/2014,614
CS4622,29/11/2013,252
CS5452,30/10/2013,119
CS4572,5/8/2013,10
CS9450,28/6/2015,250
CS2776,11/5/2015,498
CS8303,26/9/2014,203
CS7117,28/7/2015,117
CS3159,31/5/2015,363
CS6764,19/5/2015,471
CS6211,3/7/2014,534
CS4573,13/6/2013,223
CS1426,5/9/2014,541
CS8030,30/1/2015,915
CS2908,9/4/2014,177
CS2223,27/4/2015,345
CS5221,25/10/2013,649
CS4100,1/8/2013,954
CS9227,21/6/2015,984
CS3422,19/7/2015,412
CS3491,6/5/2013,562
CS8121,25/10/2014,878
CS9721,26/12/2013,772
CS9064,13/2/2013,538
CS2886,25/2/2014,448
CS7764,10/10/2015,324
CS1623,28/2/2014,254
CS6493,16/2/2013,527
CS3916,12/4/2013,884
CS3843,10/1/2015,139
CS9254,24/5/2014,534
CS9855,29/3/2015,999
CS5969,26/1/2013,69
CS8901,21/11/2014,624
CS1806,27/4/2015,333
CS5805,29/3/2015,895
CS4773,25/5/2013,214
CS9964,12/4/2013,528
CS2163,20/7/2013,154
CS3329,2/10/2014,686
CS8274,28/9/2014,217
CS7158,11/7/2013,799
CS6989,16/12/2015,46
CS1371,6/3/2013,291
CS7247,28/3/2015,743
CS2444,24/8/2013,29
CS7055,6/2/2013,522
CS5184,18/5/2015,506
CS9372,3/11/2013,751
CS5426,24/7/2014,653
CS8569,21/7/2015,896
CS6907,9/3/2014,483
CS6798,5/5/2014,213
CS7964,22/5/2014,11
CS4774,12/11/2013,459
CS6765,17/11/2015,459
CS8306,8/2/2013,760
CS3464,29/9/2013,121
CS4220,14/3/2015,858
CS7379,21/9/2013,634
CS5672,7/2/2013,177
CS3583,18/4/2013,38
CS6276,23/10/2014,914
CS2631,25/1/2013,73
CS1415,11/11/2015,900
CS1479,15/7/2013,897
CS6054,9/12/2013,346
CS9236,11/11/2015,560
CS4728,21/1/2013,722
CS2098,23/9/2015,406
CS7785,13/1/2014,924
CS3468,6/1/2014,826
CS4083,8/7/2015,787
CS3978,8/12/2015,848
CS5402,30/11/2015,318
CS3958,22/11/2013,40
CS3793,21/3/2014,633
CS6626,1/3/2014,713
CS6868,29/9/2013,720
CS9337,6/5/2015,453
CS6255,15/6/2013,924
CS5183,16/9/2015,695
CS3417,11/1/2014,795
CS1173,27/5/2015,63
CS6885,9/10/2015,140
CS6724,9/6/2015,508
CS7849,7/8/2014,534
CS9580,21/5/2013,800
CS3347,19/7/2014,794
CS3018,2/8/2015,746
CS6155,17/5/2015,401
CS5969,17/10/2013,877
CS8541,15/5/2014,989
CS7619,29/7/2014,597
CS7990,30/8/2013,908
CS1830,27/10/2014,291
CS3823,28/12/2013,209
CS9462,3/5/2015,903
CS8294,27/2/2013,222
CS5534,26/3/2014,567
CS4664,22/4/2015,292
CS2170,19/9/2014,943
CS8100,28/12/2014,869
CS1661,10/5/2013,749
CS2464,28/2/2015,680
CS1045,24/2/2014,401
CS1473,3/5/2015,935
CS5492,26/2/2013,727
CS6505,3/3/2015,774
CS6178,27/7/2015,688
CS3451,23/7/2014,722
CS3980,8/12/2013,814
CS9155,19/3/2014,712
CS7290,17/4/2013,920
CS1219,25/12/2015,997
CS6639,13/2/2014,191
CS2622,26/12/2013,833
CS8601,10/3/2015,956
CS4216,24/6/2014,333
CS8225,23/9/2014,517
CS7117,31/1/2014,53
CS5447,9/8/2014,440
CS9746,6/9/2015,717
CS7682,16/8/2014,476
CS4873,14/12/2014,869
CS5223,3/7/2013,275
CS9836,26/4/2015,736
CS4098,27/9/2014,954
CS2545,15/4/2014,707
CS6372,1/11/2013,240
CS1946,10/3/2013,760
CS3702,24/4/2013,855
CS2629,19/5/2015,14
CS9013,23/6/2014,252
CS9303,6/7/2015,805
CS7791,18/9/2015,732
CS4787,24/11/2013,958
CS2231,17/3/2013,872
CS3067,21/3/2014,201
CS5144,27/12/2014,431
CS8359,30/7/2015,120
CS8652,23/12/2015,49
CS1423,24/3/2015,333
CS8594,30/4/2014,24
CS8490,12/5/2014,929
CS7385,10/8/2014,18
CS2378,26/10/2014,565
CS1201,30/10/2015,582
CS8337,21/11/2013,736
CS8593,8/11/2014,19
CS2078,11/12/2015,839
CS5850,4/7/2013,254
CS8992,30/8/2013,79
CS9666,23/1/2013,382
CS5436,15/9/2013,848
CS6080,10/10/2013,562
CS3281,6/5/2013,19
CS1375,30/1/2013,271
CS4390,2/5/2014,31
CS7514,16/2/2015,976
CS1918,12/10/2015,205
CS5781,3/4/2014,306
CS8193,28/3/2014,774
CS9478,19/4/2015,522
CS4868,11/7/2014,196
CS8348,14/5/2015,104
CS2873,30/4/2015,286
CS7675,15/8/2013,390
CS9811,30/8/2015,209
CS3634,16/3/2015,796
CS3480,4/9/2015,484
CS1143,23/2/2013,374
CS1012,19/6/2013,284
CS9740,14/12/2013,515
CS9628,20/7/2013,457
CS7197,23/12/2013,39
CS6432,28/8/2014,928
CS8643,12/7/2015,632
CS1512,17/10/2015,309
CS8696,14/12/2013,759
CS9250,28/7/2015,163
CS9255,1/9/2015,244
CS2918,31/3/2013,523
CS8289,10/7/2015,638
CS9734,20/6/2015,893
CS9814,23/5/2013,816
CS8022,22/12/2013,239
CS3255,12/11/2013,502
CS6133,20/10/2015,945
CS8604,13/7/2015,975
CS3989,11/4/2013,217
CS3076,20/1/2014,567
CS7078,12/11/2013,225
CS8653,23/9/2015,128
CS4392,17/10/2013,943
CS5601,20/6/2014,142
CS7034,11/1/2013,639
CS5620,2/10/2013,53
CS3651,5/7/2015,776
CS5187,27/2/2015,340
CS4744,31/7/2015,295
CS3928,24/5/2013,17
CS6961,21/7/2013,74
CS1325,12/6/2014,967
CS3891,16/5/2015,86
CS6223,24/12/2013,462
CS3051,5/11/2013,475
CS7317,31/8/2014,244
CS4151,22/3/2013,83
CS9619,22/8/2014,130
CS6896,5/6/2014,397
CS2963,29/6/2014,15
CS5910,19/9/2013,381
CS9863,4/10/2014,16
CS4894,4/1/2015,678
CS9992,27/6/2014,941
CS4183,28/7/2014,914
CS1692,13/4/2014,703
CS8532,27/12/2013,131
CS6374,4/10/2014,960
CS5137,10/5/2015,212
CS3243,7/5/2014,271
CS7576,16/7/2014,108
CS5129,4/8/2013,380
CS9207,12/11/2015,115
CS2377,10/9/2014,802
CS6013,12/1/2014,670
CS9289,15/3/2013,375
CS7490,12/5/2015,478
CS3551,8/5/2013,191
CS7036,22/2/2013,235
CS3450,11/4/2013,793
CS8560,25/4/2015,486
CS3880,7/6/2015,638
CS9776,14/11/2014,967
CS5728,21/9/2013,835
CS2217,2/3/2013,947
CS5457,1/8/2013,349
CS3598,6/6/2013,322
CS2982,31/10/2013,951
CS4108,31/10/2014,962
CS5084,3/3/2013,550
CS4576,5/7/2015,45
CS3255,6/10/2014,84
CS5532,12/9/2014,902
CS3939,29/12/2014,17
CS6655,7/8/2013,209
CS3261,8/10/2013,118
CS3513,26/10/2013,219
CS2903,24/3/2014,485
CS5730,16/6/2014,130
CS7142,5/6/2013,880
CS2505,15/10/2014,982
CS5834,14/3/2014,924
CS5922,14/5/2015,650
CS8351,13/7/2015,260
CS7473,9/2/2013,800
CS1441,4/3/2014,556
CS9195,13/3/2014,182
CS9760,10/12/2014,121
CS7591,31/5/2015,963
CS3940,7/9/2014,481
CS1011,8/9/2013,755
CS3930,4/5/2013,27
CS2524,13/6/2015,234
CS3185,6/9/2013,927
CS4723,1/7/2014,997
CS3015,20/7/2015,543
CS4834,15/10/2013,426
CS5177,20/8/2013,744
CS3306,7/3/2014,615
CS4174,22/6/2014,932
CS8300,7/7/2013,288
CS9586,13/10/2015,183
CS7683,30/8/2015,716
CS9567,25/9/2014,491
CS4805,23/6/2015,328
CS5322,18/2/2013,938
CS1399,14/9/2013,953
CS9950,12/11/2015,339
CS9969,16/3/2015,148
CS2957,3/11/2015,432
CS6453,13/6/2015,288
CS3196,3/4/2013,182
CS3859,23/12/2015,103
CS6292,22/7/2015,456
CS1459,9/10/2015,970
CS1509,12/3/2014,239
CS9859,24/1/2013,943
CS7751,16/8/2013,946
CS6951,2/3/2013,677
CS7664,12/5/2013,584
CS1422,25/7/2014,363
CS8868,26/6/2013,129
CS3496,30/5/2014,477
CS3918,25/5/2013,983
CS4139,13/9/2015,307
CS8024,15/2/2013,806
CS1785,5/9/2014,813
CS8730,7/12/2014,421
CS5511,25/4/2015,856
CS3050,14/1/2015,80
CS6790,20/12/2013,789
CS1163,3/7/2013,331
CS4701,17/8/2015,613
CS8779,6/1/2014,226
CS9004,4/6/2013,396
CS2649,30/9/2013,221
CS9498,8/5/2013,347
CS8638,9/1/2014,26
CS5076,3/1/2013,95
CS4732,11/8/2013,836
CS8238,30/7/2014,121
CS1092,2/9/2014,403
CS3681,2/8/2015,456
CS9044,10/4/2013,506
CS1719,4/1/2015,443
CS6476,9/6/2015,47
CS4654,1/11/2013,895
CS8029,29/6/2015,826
CS9341,3/10/2015,974
CS4795,30/11/2014,247
CS8503,2/8/2013,371
CS1281,17/1/2013,35
CS2928,26/9/2014,954
CS3155,15/1/2015,566
CS2012,19/4/2013,260
CS6659,11/9/2013,179
CS3750,8/4/2013,72
CS8541,5/7/2013,49
CS4250,20/3/2015,734
CS9052,19/11/2014,129
CS7680,2/8/2013,194
CS9222,17/8/2015,227
CS8666,2/3/2015,389
CS3333,6/4/2013,901
CS1844,8/3/2015,602
CS6996,31/3/2014,276
CS9461,24/1/2014,410
CS7578,21/3/2015,984
CS2105,19/2/2014,836
CS7439,5/9/2014,270
CS9700,25/4/2014,448
CS1352,7/8/2014,741
CS5479,15/12/2014,23
CS6072,22/6/2014,19
CS3663,21/12/2013,904
CS1525,28/5/2015,445
CS5922,26/6/2015,28
CS9466,2/4/2015,85
CS2869,2/8/2014,697
CS3459,17/8/2013,696
CS7559,3/6/2014,704
CS3200,1/4/2015,493
CS2836,14/8/2015,722
CS2474,14/4/2013,473
CS4757,13/1/2014,819
CS8839,25/10/2013,782
CS6547,7/10/2014,85
CS9934,7/11/2014,733
CS5919,22/2/2015,638
CS7612,20/1/2013,884
CS6848,7/8/2015,532
CS5727,13/6/2013,259
CS5172,29/8/2015,886
CS2187,23/10/2013,603
CS7955,28/2/2013,486
CS3513,30/3/2014,84
CS6445,14/6/2015,134
CS3871,27/1/2015,250
CS8355,10/6/2013,940
CS2347,11/7/2014,116
CS2108,7/5/2013,553
CS5340,16/3/2015,721
CS3492,15/6/2015,494
CS3300,10/5/2013,687
CS5042,17/7/2014,298
CS9650,2/7/2015,776
CS2263,4/9/2014,242
CS1797,20/3/2013,842
CS9935,13/3/2013,746
CS2604,25/6/2014,380
CS2019,9/1/2013,789
CS4206,18/11/2015,635
CS1381,30/3/2013,839
CS6786,15/4/2015,191
CS4501,6/8/2014,46
CS3218,5/8/2015,145
CS8063,16/12/2013,853
CS4348,6/7/2014,21
CS2285,19/11/2015,183
CS8212,30/11/2015,111
CS4035,9/12/2014,745
CS8527,21/1/2013,334
CS3391,30/10/2014,807
CS3557,28/1/2013,321
CS7460,27/10/2015,309
CS3461,24/6/2015,111
CS8875,25/6/2013,56
CS1548,29/6/2015,811
CS9331,14/9/2014,74
CS9691,28/4/2014,55
CS2213,17/1/2013,430
CS7511,5/7/2014,337
CS2516,17/4/2013,175
CS4181,18/8/2014,74
CS8340,2/1/2013,990
CS4895,24/12/2013,731
CS7398,8/12/2015,422
CS5984,28/6/2014,293
CS9719,24/5/2014,42
CS8318,6/3/2015,23
CS5260,9/11/2015,653
CS3059,23/6/2013,852
CS5081,31/8/2013,788
CS9930,25/12/2013,985
CS6522,16/4/2014,22
CS4563,1/10/2013,49
CS9647,17/3/2015,313
CS7127,21/10/2013,633
CS5419,3/11/2014,130
CS7779,30/1/2014,335
CS1053,23/5/2014,475
CS7312,31/5/2015,438
CS9145,8/6/2014,824
CS7286,10/4/2013,303
CS4804,8/12/2014,726
CS3026,17/9/2014,630
CS2850,6/10/2014,856
CS4164,28/9/2013,343
CS2797,8/8/2015,717
CS6822,16/4/2013,502
CS6369,11/12/2014,167
CS5630,5/1/2015,348
CS1536,13/2/2013,457
CS3835,7/12/2014,843
CS7858,30/9/2014,997
CS2051,19/6/2015,614
CS5910,11/10/2015,100
CS5074,8/5/2013,114
CS6304,2/2/2015,288
CS3781,9/4/2013,709
CS5131,25/11/2014,768
CS3369,29/6/2014,172
CS7469,26/3/2015,805
CS7109,18/9/2013,176
CS3574,12/3/2013,316
CS8074,11/2/2015,821
CS4854,23/6/2015,302
CS7794,6/6/2015,93
CS9050,2/11/2015,549
CS2114,8/9/2015,673
CS1332,18/6/2014,381
CS6673,17/1/2015,604
CS5234,1/4/2015,698
CS3415,25/7/2015,373
CS1790,1/1/2015,823
CS6136,20/6/2014,396
CS6012,29/5/2015,501
CS7149,14/2/2014,183
CS1610,12/5/2013,784
CS6975,15/8/2014,103
CS3802,9/12/2013,755
CS3141,28/3/2014,893
CS6769,11/12/2015,16
CS3422,13/9/2014,355
CS3727,16/11/2015,75
CS4456,28/2/2015,354
CS6615,4/4/2014,466
CS7739,15/7/2014,358
CS3479,31/1/2015,859
CS8879,28/2/2013,854
CS2430,1/11/2013,902
CS1232,21/9/2014,514
CS9848,15/8/2013,265
CS5710,2/3/2014,692
CS9907,25/12/2014,744
CS6192,28/10/2013,299
CS9506,23/7/2015,386
CS9173,27/9/2013,189
CS4603,12/3/2014,42
CS2458,23/4/2015,809
CS6959,29/4/2014,393
CS1643,29/1/2015,809
CS9072,10/5/2014,728
CS1826,20/8/2013,859
CS8573,26/10/2015,882
CS5883,13/1/2014,973
CS4284,22/6/2014,597
CS2376,11/10/2015,188
CS3134,5/12/2015,886
CS6613,13/11/2013,792
CS9167,17/5/2014,694
CS9011,22/7/2014,934
CS7877,29/10/2014,577
CS6792,18/5/2014,408
CS4679,5/7/2013,918
CS8639,14/2/2014,168
CS2731,22/6/2015,679
CS5320,20/7/2013,202
CS9253,26/10/2013,153
CS4295,8/8/2014,345
CS1177,13/12/2014,613
CS2508,8/10/2015,542
CS5008,17/4/2013,941
CS7120,16/3/2014,106
CS9255,8/8/2015,19
CS6283,10/1/2015,432
CS6763,12/7/2014,139
CS1199,29/5/2015,729
CS3806,31/12/2014,73
CS9505,17/8/2014,846
CS8095,5/11/2014,632
CS1301,26/1/2013,384
CS4344,12/8/2014,760
CS4916,22/12/2013,456
CS2454,18/9/2015,957
CS1547,17/11/2013,258
CS9764,14/9/2015,951
CS5076,29/4/2015,470
CS2793,18/4/2014,680
CS8122,11/3/2013,67
CS5147,10/4/2013,600
CS8651,5/4/2014,913
CS2079,20/2/2015,466
CS4621,26/10/2015,700
CS8579,25/10/2014,738
CS8393,7/10/2013,631
CS9091,11/1/2014,509
CS2905,3/8/2015,559
CS6428,20/10/2013,846
CS8347,9/4/2015,534
CS9740,14/4/2013,268
CS5463,31/3/2015,451
CS1289,29/6/2013,170
CS6922,30/12/2013,317
CS6160,9/3/2013,177
CS4133,12/3/2013,219
CS4611,5/4/2014,808
CS9314,24/6/2014,497
CS9609,31/1/2014,885
CS3254,10/8/2013,102
CS3825,7/11/2013,341
CS6971,30/3/2015,126
CS3516,21/10/2014,639
CS5304,10/4/2015,225
CS9695,1/2/2015,410
CS3984,16/12/2013,31
CS5622,14/12/2014,158
CS8412,19/2/2013,534
CS6092,24/10/2014,78
CS6504,17/4/2013,22
CS5292,17/1/2015,449
CS8890,2/8/2015,279
CS4597,17/10/2015,260
CS6388,8/7/2015,633
CS8773,30/4/2013,238
CS6659,16/2/2014,58
CS9836,30/3/2013,957
CS8821,22/5/2013,412
CS5883,31/5/2015,949
CS1763,16/4/2013,608
CS6972,4/2/2014,973
CS3875,3/8/2014,119
CS8121,24/12/2015,310
CS8379,5/6/2014,14
CS4953,24/5/2014,841
CS6575,6/1/2015,806
CS3726,28/3/2013,542
CS3195,2/4/2014,950
CS6686,9/9/2014,39
CS2237,7/10/2013,324
CS2312,30/6/2015,203
CS7682,26/8/2014,440
CS2869,19/1/2013,705
CS1419,11/11/2015,514
CS9109,8/1/2014,406
CS8461,17/3/2014,107
CS8505,6/6/2013,435
CS6412,26/7/2015,63
CS7701,10/11/2014,935
CS2566,26/10/2013,170
CS6751,7/3/2014,831
CS3584,8/10/2014,930
CS1285,16/1/2015,246
CS2547,30/7/2014,894
CS7715,12/1/2014,95
CS2095,25/11/2014,92
CS1062,2/1/2015,266
CS9625,20/2/2015,117
CS4255,30/1/2014,22
CS2655,20/6/2014,996
CS3458,31/3/2013,366
CS7432,17/10/2014,564
CS6249,29/12/2015,571
CS8030,7/3/2014,394
CS2070,18/1/2013,806
CS4518,13/11/2014,359
CS1995,14/4/2013,630
CS5700,22/12/2013,209
CS5127,17/4/2013,965
CS7787,6/9/2014,135
CS6235,28/7/2014,126
CS8575,28/2/2014,233
CS1563,18/5/2013,759
CS2142,21/9/2013,379
CS3730,25/7/2013,33
CS4548,31/5/2014,727
CS3658,12/1/2014,920
CS2811,20/4/2015,235
CS1586,1/1/2015,594
CS9777,3/7/2013,302
CS3056,28/4/2015,496
CS8662,10/4/2014,224
CS6500,22/7/2015,190
CS5687,14/12/2014,123
CS1000,29/5/2015,64
CS3512,28/11/2014,278
CS6991,14/2/2013,560
CS9769,21/12/2013,590
CS7263,26/3/2013,418
CS3475,20/9/2014,42
CS5621,11/4/2013,439
CS8750,18/7/2013,232
CS5850,6/11/2013,912
CS2487,28/3/2015,337
CS2066,5/10/2013,415
CS8146,18/6/2014,102
CS3812,4/11/2013,396
CS5362,11/12/2015,86
CS3715,10/5/2013,767
CS2587,29/12/2013,439
CS1384,4/10/2013,309
CS6069,15/9/2014,596
CS5166,5/7/2015,951
CS4215,27/6/2014,943
CS7041,1/11/2015,953
CS2189,10/1/2014,36
CS1333,10/8/2015,551
CS9248,7/11/2013,992
CS2240,19/12/2015,393
CS2232,3/2/2015,208
CS7238,4/3/2013,758
CS4705,22/2/2014,858
CS4752,10/8/2015,901
CS7296,22/12/2014,196
CS2116,12/8/2013,664
CS4987,26/8/2014,360
CS8410,23/6/2013,110
CS7328,15/10/2015,857
CS8300,16/4/2015,147
CS1507,2/9/2013,848
CS4549,15/1/2013,526
CS8259,24/8/2015,598
CS1173,24/6/2013,37
CS7940,27/9/2015,62
CS2154,25/1/2014,10
CS2415,9/1/2014,89
CS3194,29/9/2013,33
CS2598,29/1/2015,250
CS7852,4/7/2015,313
CS8309,25/8/2014,467
CS2809,3/12/2014,371
CS1147,17/8/2015,796
CS7257,15/10/2014,191
CS7836,21/9/2013,164
CS8104,19/5/2013,274
CS1987,29/4/2013,48
CS1645,19/11/2013,26
CS2660,14/12/2013,44
CS3645,29/8/2015,355
CS5135,29/9/2015,104
CS7944,26/4/2013,551
CS3093,3/3/2014,363
CS8375,14/1/2014,948
CS8760,30/7/2015,911
CS1860,27/11/2014,402
CS7896,10/2/2015,154
CS6107,17/3/2015,483
CS9750,9/9/2013,40
CS4747,5/8/2014,741
CS2726,19/10/2015,157
CS3856,4/5/2015,48
CS5172,18/3/2014,206
CS8354,24/4/2014,35
CS4605,28/6/2013,157
CS5460,6/1/2013,59
CS8259,26/2/2013,391
CS4396,6/4/2014,921
CS2687,4/12/2014,690
CS4102,3/10/2013,421
CS3728,25/3/2015,625
CS1700,21/11/2013,269
CS2068,31/5/2014,745
CS4291,23/10/2014,275
CS8631,7/2/2015,197
CS1989,6/6/2014,963
CS9432,27/9/2014,545
CS1462,16/10/2015,544
CS2318,21/4/2014,126
CS7839,30/7/2015,126
CS5354,30/1/2014,796
CS6185,21/2/2013,793
CS7425,11/2/2013,606
CS5446,1/4/2014,888
CS3107,13/4/2015,411
CS3288,14/11/2015,410
CS2798,25/8/2014,767
CS7782,4/4/2013,257
CS3375,5/8/2014,649
CS1231,5/5/2015,237
CS9575,7/9/2014,965
CS8036,3/2/2014,474
CS6838,11/3/2014,997
CS1550,12/8/2015,323
CS7928,30/9/2014,402
CS6934,29/1/2014,52
CS7845,15/8/2014,36
CS9721,22/2/2013,77
CS7501,3/3/2013,455
CS2801,7/2/2013,474
CS3957,27/11/2013,753
CS3449,1/11/2013,738
CS2959,8/6/2013,511
CS1040,4/4/2015,114
CS2128,27/9/2014,651
CS5940,30/5/2013,306
CS9913,25/11/2013,681
CS3165,24/3/2015,713
CS5209,1/10/2013,846
CS7001,15/11/2013,313
CS3754,22/12/2013,121
CS9151,18/8/2013,880
CS7184,16/9/2015,253
CS1439,4/3/2015,48
CS2783,14/11/2014,165
CS7712,7/11/2014,810
CS8135,28/10/2015,250
CS2760,11/10/2014,455
CS4101,1/9/2014,624
CS7487,30/10/2014,942
CS2895,10/1/2014,183
CS1780,19/1/2015,24
CS3173,12/6/2015,458
CS9522,23/3/2014,802
CS2213,14/9/2013,525
CS8989,16/7/2015,896
CS3541,7/10/2014,17
CS5156,10/11/2013,786
CS4655,12/6/2013,879
CS4747,11/5/2015,408
CS2525,15/8/2013,817
CS1226,6/1/2015,19
CS9601,19/11/2015,452
CS4831,15/12/2013,216
CS4918,3/11/2013,524
CS2914,20/3/2013,984
CS4069,9/4/2013,684
CS1728,11/2/2013,941
CS7947,18/6/2014,492
CS4277,5/3/2014,654
CS2089,16/10/2015,58
CS9918,17/7/2014,894
CS2511,22/2/2015,532
CS1292,26/8/2013,303
CS3600,30/12/2014,120
CS3957,12/9/2015,33
CS5713,3/3/2015,938
CS6325,8/4/2015,715
CS9396,27/10/2015,343
CS1146,14/6/2014,298
CS4313,17/4/2014,658
CS3790,5/2/2015,345
CS1010,1/2/2015,650
CS2320,18/2/2014,493
CS1537,5/3/2013,203
CS6214,21/3/2013,19
CS8955,28/9/2014,234
CS2340,7/10/2013,941
CS8039,10/6/2014,722
CS2616,25/12/2014,578
CS3682,15/3/2015,858
CS9925,13/6/2014,121
CS3476,7/2/2015,146
CS9367,13/4/2013,443
CS3383,6/4/2014,537
CS7206,18/7/2013,132
CS7640,28/9/2013,999
CS5890,4/7/2014,289
CS4013,9/7/2015,965
CS7381,31/8/2013,249
CS7436,16/4/2015,548
CS9318,13/9/2015,410
CS3288,23/3/2013,401
CS4030,17/7/2015,980
CS9301,14/5/2014,424
CS2283,1/12/2014,295
CS2915,14/7/2013,191
CS3779,27/11/2015,727
CS7561,27/9/2015,585
CS7343,30/6/2015,436
CS3268,11/8/2013,526
CS7906,15/3/2014,307
CS1055,8/8/2015,676
CS3024,20/11/2014,681
CS9441,4/4/2013,166
CS5511,2/8/2014,392
CS1082,29/3/2015,195
CS3852,8/6/2014,343
CS7933,12/9/2015,91
CS6688,6/2/2015,397
CS5629,13/4/2013,165
CS1294,25/5/2014,945
CS5707,9/6/2013,635
CS1128,5/7/2014,45
CS1283,7/10/2013,522
CS1381,12/2/2014,848
CS2416,30/4/2014,140
CS5393,16/2/2014,499
CS6744,8/1/2013,716
CS3723,15/1/2013,992
CS6429,30/7/2013,153
CS7526,13/11/2014,692
CS7667,20/3/2013,687
CS5986,4/7/2015,662
CS9990,11/1/2014,906
CS9120,25/12/2015,143
CS2840,4/3/2015,501
CS8086,7/10/2014,241
CS6032,24/6/2013,312
CS4942,14/6/2015,977
CS8649,23/2/2014,55
CS7699,18/4/2013,65
CS7240,26/8/2013,481
CS4328,3/12/2014,517
CS6840,1/4/2013,861
CS7939,13/2/2015,184
CS4884,22/6/2013,586
CS5672,9/10/2014,839
CS8680,4/5/2014,376
CS2180,7/3/2013,312
CS6032,7/5/2015,838
CS9713,21/6/2013,485
CS4170,28/10/2013,397
CS2227,18/2/2013,165
CS9537,14/5/2015,251
CS6334,22/6/2013,734
CS7692,2/1/2013,372
CS4884,27/9/2014,538
CS9492,3/11/2014,589
CS1908,6/3/2014,747
CS4655,7/3/2015,198
CS8950,30/1/2015,18
CS5213,23/11/2015,429
CS2599,8/3/2014,219
CS2246,13/1/2015,538
CS7163,4/3/2014,224
